{"epoch": 97, "time_epoch": 737.12028, "time_epoch_std": 0.0, "eta": 1471.73899, "eta_std": 0.0, "eta_hours": 0.40882, "eta_hours_std": 0.0, "loss": 0.10023, "loss_std": 0.0, "lr": 0.0, "lr_std": 0.0, "params": 1319617.0, "params_std": 0.0, "time_iter": 0.05845, "time_iter_std": 0.0, "mae": 0.10023, "mae_std": 0.0, "r2": 0.98107, "r2_std": 0.0, "spearmanr": 0.98995, "spearmanr_std": 0.0, "mse": 0.02557, "mse_std": 0.0, "rmse": 0.15991, "rmse_std": 0.0}
