{"epoch": 98, "time_epoch": 1421.12927, "time_epoch_std": 0.0, "eta": 1633.47633, "eta_std": 0.0, "eta_hours": 0.45374, "eta_hours_std": 0.0, "loss": 0.07024, "loss_std": 0.0, "lr": 0.0, "lr_std": 0.0, "params": 6152001.0, "params_std": 0.0, "time_iter": 0.05634, "time_iter_std": 0.0, "mae": 0.07024, "mae_std": 0.0, "r2": 0.98766, "r2_std": 0.0, "spearmanr": 0.99334, "spearmanr_std": 0.0, "mse": 0.01666, "mse_std": 0.0, "rmse": 0.12908, "rmse_std": 0.0}
