{"epoch": 97, "time_epoch": 1064.23457, "time_epoch_std": 0.0, "eta": 1964.27195, "eta_std": 0.0, "eta_hours": 0.54563, "eta_hours_std": 0.0, "loss": 0.06952, "loss_std": 0.0, "lr": 0.0, "lr_std": 0.0, "params": 1558257.0, "params_std": 0.0, "time_iter": 0.08438, "time_iter_std": 0.0, "mae": 0.06952, "mae_std": 0.0, "r2": 0.98823, "r2_std": 0.0, "spearmanr": 0.99362, "spearmanr_std": 0.0, "mse": 0.0159, "mse_std": 0.0, "rmse": 0.12608, "rmse_std": 0.0}
