{"epoch": 93, "time_epoch": 1125.67148, "time_epoch_std": 0.0, "eta": 7394.97639, "eta_std": 0.0, "eta_hours": 2.05416, "eta_hours_std": 0.0, "loss": 0.0607, "loss_std": 0.0, "lr": 1e-05, "lr_std": 0.0, "params": 6152001.0, "params_std": 0.0, "time_iter": 0.08925, "time_iter_std": 0.0, "mae": 0.0607, "mae_std": 0.0, "r2": 0.98986, "r2_std": 0.0, "spearmanr": 0.99449, "spearmanr_std": 0.0, "mse": 0.0137, "mse_std": 0.0, "rmse": 0.11706, "rmse_std": 0.0}
