{"epoch": 97, "time_epoch": 721.80659, "time_epoch_std": 0.0, "eta": 1986.91321, "eta_std": 0.0, "eta_hours": 0.55192, "eta_hours_std": 0.0, "loss": 0.06157, "loss_std": 0.0, "lr": 0.0, "lr_std": 0.0, "params": 6152001.0, "params_std": 0.0, "time_iter": 0.05723, "time_iter_std": 0.0, "mae": 0.06157, "mae_std": 0.0, "r2": 0.9897, "r2_std": 0.0, "spearmanr": 0.99441, "spearmanr_std": 0.0, "mse": 0.01391, "mse_std": 0.0, "rmse": 0.11794, "rmse_std": 0.0}
