{"epoch": 0, "time_epoch": 3873.90962, "eta": 383517.05194, "eta_hours": 106.53251, "loss": 5.56863309, "lr": 0.0, "params": 6152001, "time_iter": 0.07679, "mae": 5.56863, "r2": -22.96524, "spearmanr": -0.1653, "mse": 32.37288, "rmse": 5.68972}
{"epoch": 1, "time_epoch": 3840.31137, "eta": 377996.8283, "eta_hours": 104.99912, "loss": 0.20884534, "lr": 0.0001, "params": 6152001, "time_iter": 0.07613, "mae": 0.20885, "r2": 0.92114, "spearmanr": 0.96473, "mse": 0.10652, "rmse": 0.32638}
{"epoch": 2, "time_epoch": 3887.54763, "eta": 375123.85201, "eta_hours": 104.20107, "loss": 0.17073163, "lr": 0.0002, "params": 6152001, "time_iter": 0.07706, "mae": 0.17073, "r2": 0.95472, "spearmanr": 0.97782, "mse": 0.06117, "rmse": 0.24733}
{"epoch": 3, "time_epoch": 3807.07806, "eta": 369812.3204, "eta_hours": 102.72564, "loss": 0.1670988, "lr": 0.0003, "params": 6152001, "time_iter": 0.07547, "mae": 0.1671, "r2": 0.95615, "spearmanr": 0.97869, "mse": 0.05923, "rmse": 0.24337}
{"epoch": 4, "time_epoch": 3861.36568, "eta": 366134.03491, "eta_hours": 101.7039, "loss": 0.17843732, "lr": 0.0004, "params": 6152001, "time_iter": 0.07654, "mae": 0.17844, "r2": 0.95128, "spearmanr": 0.97607, "mse": 0.06581, "rmse": 0.25654}
{"epoch": 5, "time_epoch": 3867.10696, "eta": 362484.66932, "eta_hours": 100.69019, "loss": 0.17665669, "lr": 0.0005, "params": 6152001, "time_iter": 0.07666, "mae": 0.17666, "r2": 0.95217, "spearmanr": 0.97617, "mse": 0.06461, "rmse": 0.25419}
{"epoch": 6, "time_epoch": 3859.06662, "eta": 358666.27028, "eta_hours": 99.62952, "loss": 0.16014087, "lr": 0.00049986, "params": 6152001, "time_iter": 0.0765, "mae": 0.16014, "r2": 0.9592, "spearmanr": 0.97976, "mse": 0.05511, "rmse": 0.23477}
{"epoch": 7, "time_epoch": 3826.63783, "eta": 354464.77334, "eta_hours": 98.46244, "loss": 0.14886934, "lr": 0.00049945, "params": 6152001, "time_iter": 0.07585, "mae": 0.14887, "r2": 0.96356, "spearmanr": 0.98203, "mse": 0.04922, "rmse": 0.22185}
{"epoch": 8, "time_epoch": 3834.2164, "eta": 350423.2062, "eta_hours": 97.33978, "loss": 0.14213559, "lr": 0.00049877, "params": 6152001, "time_iter": 0.076, "mae": 0.14214, "r2": 0.96619, "spearmanr": 0.98327, "mse": 0.04567, "rmse": 0.21371}
{"epoch": 9, "time_epoch": 3814.57941, "eta": 346246.37627, "eta_hours": 96.17955, "loss": 0.13639497, "lr": 0.00049782, "params": 6152001, "time_iter": 0.07562, "mae": 0.1364, "r2": 0.96823, "spearmanr": 0.98425, "mse": 0.04292, "rmse": 0.20716}
{"epoch": 10, "time_epoch": 3829.96811, "eta": 342259.91866, "eta_hours": 95.0722, "loss": 0.13116448, "lr": 0.00049659, "params": 6152001, "time_iter": 0.07592, "mae": 0.13116, "r2": 0.96991, "spearmanr": 0.98512, "mse": 0.04064, "rmse": 0.20159}
{"epoch": 11, "time_epoch": 3830.75337, "eta": 338305.30115, "eta_hours": 93.97369, "loss": 0.12758731, "lr": 0.00049509, "params": 6152001, "time_iter": 0.07594, "mae": 0.12759, "r2": 0.97118, "spearmanr": 0.98569, "mse": 0.03893, "rmse": 0.1973}
{"epoch": 12, "time_epoch": 3834.59992, "eta": 334395.48198, "eta_hours": 92.88763, "loss": 0.12494644, "lr": 0.00049333, "params": 6152001, "time_iter": 0.07601, "mae": 0.12495, "r2": 0.97203, "spearmanr": 0.98611, "mse": 0.03778, "rmse": 0.19438}
{"epoch": 13, "time_epoch": 3802.96799, "eta": 330302.098, "eta_hours": 91.75058, "loss": 0.12262288, "lr": 0.0004913, "params": 6152001, "time_iter": 0.07539, "mae": 0.12262, "r2": 0.97285, "spearmanr": 0.98648, "mse": 0.03668, "rmse": 0.19152}
{"epoch": 14, "time_epoch": 3839.18335, "eta": 326452.65654, "eta_hours": 90.68129, "loss": 0.1206442, "lr": 0.00048901, "params": 6152001, "time_iter": 0.0761, "mae": 0.12064, "r2": 0.97353, "spearmanr": 0.98679, "mse": 0.03576, "rmse": 0.18911}
{"epoch": 15, "time_epoch": 3839.34458, "eta": 322605.34381, "eta_hours": 89.6126, "loss": 0.11872176, "lr": 0.00048645, "params": 6152001, "time_iter": 0.07611, "mae": 0.11872, "r2": 0.97405, "spearmanr": 0.98704, "mse": 0.03506, "rmse": 0.18724}
{"epoch": 16, "time_epoch": 3875.33121, "eta": 318934.66789, "eta_hours": 88.59296, "loss": 0.11714093, "lr": 0.00048364, "params": 6152001, "time_iter": 0.07682, "mae": 0.11714, "r2": 0.97464, "spearmanr": 0.98733, "mse": 0.03425, "rmse": 0.18508}
{"epoch": 17, "time_epoch": 3853.42182, "eta": 315141.44306, "eta_hours": 87.53929, "loss": 0.11579272, "lr": 0.00048057, "params": 6152001, "time_iter": 0.07639, "mae": 0.11579, "r2": 0.97501, "spearmanr": 0.9875, "mse": 0.03375, "rmse": 0.18372}
{"epoch": 18, "time_epoch": 3808.79918, "eta": 311151.64834, "eta_hours": 86.43101, "loss": 0.11454334, "lr": 0.00047725, "params": 6152001, "time_iter": 0.0755, "mae": 0.11454, "r2": 0.97544, "spearmanr": 0.98769, "mse": 0.03318, "rmse": 0.18214}
{"epoch": 19, "time_epoch": 3533.53339, "eta": 306078.89001, "eta_hours": 85.02191, "loss": 0.11304137, "lr": 0.00047368, "params": 6152001, "time_iter": 0.07004, "mae": 0.11304, "r2": 0.97589, "spearmanr": 0.9879, "mse": 0.03257, "rmse": 0.18046}
{"epoch": 20, "time_epoch": 3489.81601, "eta": 300988.26394, "eta_hours": 83.60785, "loss": 0.11175091, "lr": 0.00046987, "params": 6152001, "time_iter": 0.06918, "mae": 0.11175, "r2": 0.97628, "spearmanr": 0.98807, "mse": 0.03205, "rmse": 0.17901}
{"epoch": 21, "time_epoch": 3515.7659, "eta": 296135.1702, "eta_hours": 82.25977, "loss": 0.11059212, "lr": 0.00046581, "params": 6152001, "time_iter": 0.06969, "mae": 0.11059, "r2": 0.97669, "spearmanr": 0.98826, "mse": 0.03149, "rmse": 0.17746}
{"epoch": 22, "time_epoch": 3553.82915, "eta": 291525.79499, "eta_hours": 80.97939, "loss": 0.10959845, "lr": 0.00046152, "params": 6152001, "time_iter": 0.07045, "mae": 0.1096, "r2": 0.97697, "spearmanr": 0.98841, "mse": 0.03111, "rmse": 0.17638}
{"epoch": 23, "time_epoch": 3619.27489, "eta": 287211.6268, "eta_hours": 79.78101, "loss": 0.1086669, "lr": 0.000457, "params": 6152001, "time_iter": 0.07174, "mae": 0.10867, "r2": 0.97722, "spearmanr": 0.98854, "mse": 0.03077, "rmse": 0.1754}
{"epoch": 24, "time_epoch": 3681.12644, "eta": 283138.60471, "eta_hours": 78.64961, "loss": 0.10752566, "lr": 0.00045225, "params": 6152001, "time_iter": 0.07297, "mae": 0.10753, "r2": 0.97757, "spearmanr": 0.9887, "mse": 0.03031, "rmse": 0.17408}
{"epoch": 25, "time_epoch": 3690.62433, "eta": 279122.7609, "eta_hours": 77.5341, "loss": 0.10667061, "lr": 0.00044729, "params": 6152001, "time_iter": 0.07316, "mae": 0.10667, "r2": 0.97782, "spearmanr": 0.98882, "mse": 0.02997, "rmse": 0.17311}
{"epoch": 26, "time_epoch": 3613.39271, "eta": 274922.196, "eta_hours": 76.36728, "loss": 0.10576359, "lr": 0.0004421, "params": 6152001, "time_iter": 0.07163, "mae": 0.10576, "r2": 0.97806, "spearmanr": 0.98893, "mse": 0.02963, "rmse": 0.17214}
{"epoch": 27, "time_epoch": 3629.13704, "eta": 270804.05739, "eta_hours": 75.22335, "loss": 0.10500479, "lr": 0.00043671, "params": 6152001, "time_iter": 0.07194, "mae": 0.105, "r2": 0.97828, "spearmanr": 0.98905, "mse": 0.02934, "rmse": 0.17129}
{"epoch": 28, "time_epoch": 3812.82666, "eta": 267169.36589, "eta_hours": 74.21371, "loss": 0.10420903, "lr": 0.00043111, "params": 6152001, "time_iter": 0.07558, "mae": 0.10421, "r2": 0.97848, "spearmanr": 0.98915, "mse": 0.02906, "rmse": 0.17048}
{"epoch": 29, "time_epoch": 3672.79984, "eta": 263196.06947, "eta_hours": 73.11002, "loss": 0.10353752, "lr": 0.00042531, "params": 6152001, "time_iter": 0.07281, "mae": 0.10354, "r2": 0.9787, "spearmanr": 0.98923, "mse": 0.02878, "rmse": 0.16964}
{"epoch": 30, "time_epoch": 3677.60742, "eta": 259252.86066, "eta_hours": 72.01468, "loss": 0.10297836, "lr": 0.00041932, "params": 6152001, "time_iter": 0.0729, "mae": 0.10298, "r2": 0.97886, "spearmanr": 0.9893, "mse": 0.02855, "rmse": 0.16897}
{"epoch": 31, "time_epoch": 3622.25419, "eta": 255208.62632, "eta_hours": 70.89129, "loss": 0.10232271, "lr": 0.00041315, "params": 6152001, "time_iter": 0.0718, "mae": 0.10232, "r2": 0.97905, "spearmanr": 0.98941, "mse": 0.0283, "rmse": 0.16823}
{"epoch": 32, "time_epoch": 3417.43597, "eta": 250774.12349, "eta_hours": 69.65948, "loss": 0.10152632,