{"epoch": 96, "time_epoch": 819.55385, "time_epoch_std": 0.0, "eta": 2453.10221, "eta_std": 0.0, "eta_hours": 0.68142, "eta_hours_std": 0.0, "loss": 0.07044, "loss_std": 0.0, "lr": 0.0, "lr_std": 0.0, "params": 3735809.0, "params_std": 0.0, "time_iter": 0.06498, "time_iter_std": 0.0, "mae": 0.07044, "mae_std": 0.0, "r2": 0.98778, "r2_std": 0.0, "spearmanr": 0.99338, "spearmanr_std": 0.0, "mse": 0.0165, "mse_std": 0.0, "rmse": 0.12846, "rmse_std": 0.0}
